{"cameraMode":{"drawMode":0,"name":"Shaded","section":"Shading Mode"},"sceneLighting":true,"audioPlay":false,"sceneViewState":{"m_AlwaysRefresh":false,"showFog":true,"showSkybox":true,"showFlares":true,"showImageEffects":true,"showParticleSystems":true,"showVisualEffectGraphs":true,"m_FxEnabled":true},"in2DMode":false,"pivot":{"x":-5.259932041168213,"y":1.9927000999450684,"z":2.2962868213653566},"rotation":{"x":0.12371142953634262,"y":0.6864566802978516,"z":-0.1201825737953186,"w":0.7064529657363892},"size":0.8660253882408142,"orthographic":false}