{"cameraMode":{"drawMode":0,"name":"Shaded","section":"Shading Mode"},"sceneLighting":false,"audioPlay":false,"sceneViewState":{"m_AlwaysRefresh":false,"showFog":true,"showSkybox":true,"showFlares":true,"showImageEffects":true,"showParticleSystems":true,"showVisualEffectGraphs":true,"m_FxEnabled":true},"in2DMode":false,"pivot":{"x":-51.309696197509769,"y":-13.709036827087403,"z":2.5709941387176515},"rotation":{"x":0.14342187345027924,"y":-0.5874736309051514,"z":0.10526326298713684,"w":0.7898451089859009},"size":24.544469833374025,"orthographic":false}