{"cameraMode":{"drawMode":0,"name":"Shaded","section":"Shading Mode"},"sceneLighting":true,"audioPlay":false,"sceneViewState":{"m_AlwaysRefresh":false,"showFog":true,"showSkybox":true,"showFlares":true,"showImageEffects":true,"showParticleSystems":true,"showVisualEffectGraphs":true,"m_FxEnabled":true},"in2DMode":false,"pivot":{"x":5.83103084564209,"y":5.0386810302734379,"z":5.617279529571533},"rotation":{"x":0.4678533971309662,"y":-0.011936711147427559,"z":0.006306014023721218,"w":0.8837230801582336},"size":7.348644733428955,"orthographic":false}