{"cameraMode":{"drawMode":0,"name":"Shaded","section":"Shading Mode"},"sceneLighting":false,"audioPlay":false,"sceneViewState":{"m_AlwaysRefresh":false,"showFog":true,"showSkybox":true,"showFlares":true,"showImageEffects":true,"showParticleSystems":true,"showVisualEffectGraphs":true,"m_FxEnabled":true},"in2DMode":false,"pivot":{"x":-37.972816467285159,"y":-5.951744079589844,"z":10.988079071044922},"rotation":{"x":0.0627574771642685,"y":-0.6445808410644531,"z":0.053976379334926608,"w":0.7612980604171753},"size":24.544469833374025,"orthographic":false}